jaw_width,face_height,cheekbone_width,chin_angle,label
1.1797997330851313,1.0,1.1604420093364103,1.6027790148886187,Heart
1.0993224560539707,1.0,1.0743846672114248,1.5028283534052524,Heart
1.193541586239435,1.0,1.1691362164918964,1.5560210082137875,Heart
1.3141936670539212,1.0,1.282316479368926,1.6509982878483656,Heart
1.062481005092582,1.0,1.048254389730379,1.4947104827350979,Heart
1.120345426308221,1.0,1.1065343990182774,1.5922312953914335,Heart
1.0818064814372836,1.0,1.057413639795776,1.5065379585968734,Heart
0.8692167688546043,1.0,0.8530982843948282,1.2922527319971933,Heart
1.098003837430929,1.0,1.0736460570519697,1.5321179512594012,Heart
1.1781665321351942,1.0,1.1641482343364857,1.6163297373286512,Heart
1.6421243432490178,1.0,1.618403295019188,1.9476092997773828,Heart
1.1600140806063315,1.0,1.14092025218848,1.639067334421646,Heart
1.222871573895534,1.0,1.1990698686063,1.5407868085870027,Heart
1.0506994778408605,1.0,1.0336215215357099,1.470605479628264,Heart
0.7592251097951211,1.0,0.7496884291020277,1.1273385926014676,Heart
1.009867637910646,1.0,0.9948696729029589,1.4955507246616349,Heart
0.9530472752211542,1.0,0.9342845750501789,1.412740041028574,Heart
1.2891028192126424,1.0,1.2589531429041363,1.7126216450773577,Heart
1.0528004604264503,1.0,1.023830410063156,1.444880766251929,Heart
1.1949358516120892,1.0,1.165410336578047,1.6080956909092914,Heart
0.8663277034643897,1.0,0.844989276875303,1.2596237572534397,Heart
0.9435734798428199,1.0,0.9223445272512321,1.3472743530434603,Heart
1.0237925398340628,1.0,1.0073792021846666,1.4346791173847768,Heart
1.1185421121259154,1.0,1.0928172617559038,1.5684415467738224,Heart
1.122812516731447,1.0,1.0968005896474917,1.4965161091162738,Heart
1.130261323872657,1.0,1.1153836779742727,1.5430402915281891,Heart
0.8754484821239688,1.0,0.8611180226376091,1.2626575071201585,Heart
0.8799518371032117,1.0,0.8587747511829938,1.2641438497516941,Heart
1.2193719615298761,1.0,1.2001008728907623,1.609862467707403,Heart
1.130335805628024,1.0,1.11507353366539,1.5701253101420438,Heart
1.291515997751227,1.0,1.2591256619947695,1.6991272549490215,Heart
0.9818181253773758,1.0,0.9638582308228922,1.411758871529096,Heart
1.0092704033213005,1.0,0.9895600857997814,1.4163381494406875,Heart
1.1268450497077511,1.0,1.1100474453876337,1.501679265331315,Heart
1.0919642887097838,1.0,1.062806164828045,1.4540829747266864,Heart
1.0746018176604,1.0,1.0602773601316178,1.4821377604301278,Heart
1.3193751993531937,1.0,1.2883816246722442,1.6788317197862486,Heart
1.065497310314568,1.0,1.0492431434875005,1.479157401759953,Heart
1.1093666630447412,1.0,1.080613487120347,1.5026631153182972,Heart
1.1379598138423357,1.0,1.1188203359881794,1.532034709623582,Heart
1.4158062420773523,1.0,1.373720252476792,1.6922684623845272,Heart
0.895250002748624,1.0,0.8842500238308799,1.2935058548227814,Heart
1.0389061487807838,1.0,1.0213535556418218,1.4375803531081364,Heart
1.277470764248162,1.0,1.2530865254432924,1.6343568394891501,Heart
1.0375723575199063,1.0,1.0165565594837596,1.4299574855853092,Heart
1.258156173322088,1.0,1.229059992997229,1.6367573412393788,Heart
1.1271776734723362,1.0,1.1033018790710736,1.5318639291362417,Heart
1.2052509795642794,1.0,1.1863541137496338,1.6331415970065322,Heart
1.1689032473521508,1.0,1.1524323235397345,1.60549138104592,Heart
0.9470768915450585,1.0,0.9212013773018858,1.4162299371594331,Heart
0.7656052748735044,1.0,0.7539050186315475,1.1536681877387485,Heart
1.208499215353973,1.0,1.1952617083452268,1.653617304643904,Heart
1.3349612095929786,1.0,1.3016624501586518,1.6782525937182244,Heart
1.269384724822707,1.0,1.2442351161092813,1.6416107751908386,Heart
1.0492789000301113,1.0,1.0330641428047775,1.5035717684236134,Heart
0.8658544445771676,1.0,0.8521417473982897,1.2412280195232,Heart
1.2765999440486506,1.0,1.248268223183066,1.595542283418879,Heart
1.0741662894925612,1.0,1.0447296958139336,1.4257704722558449,Heart
1.0445546193539448,1.0,1.0215094649998173,1.4706602565167908,Heart
1.069419865775526,1.0,1.046409497045768,1.4609284511967562,Heart
1.0793087994754096,1.0,1.05454756195574,1.473930292380901,Heart
0.9930071375275666,1.0,0.9705759161365216,1.39624277614304,Heart
1.0868523491039621,1.0,1.0692259246501854,1.5164034024210078,Heart
1.1596105492000366,1.0,1.1371864297990322,1.562375837689248,Heart
0.8515242304962908,1.0,0.834787865743759,1.2844900968497834,Heart
1.2086667983334565,1.0,1.190767230772517,1.61266328708146,Heart
1.020760487633911,1.0,1.0004926366069855,1.4687989374755668,Heart
1.1199351737730638,1.0,1.0932382399158809,1.6086849527190277,Heart
1.1360034209540972,1.0,1.1109639968233342,1.5293350369834569,Heart
0.9532891954337269,1.0,0.9337412599573695,1.3394481887577077,Heart
1.1283597373599625,1.0,1.0990250339345358,1.530694417511571,Heart
0.9137618566588799,1.0,0.8993121938675445,1.3175137423704881,Heart
1.1858574099687575,1.0,1.161357989521229,1.5487010238821524,Heart
0.9453407681769458,1.0,0.9372724502673804,1.4021860921428146,Heart
1.269593873912169,1.0,1.2543032784274584,1.6900031647334715,Heart
0.9638190722798056,1.0,0.9497064512321202,1.4054021562189103,Heart
1.0789544384939755,1.0,1.0559408840769744,1.4565488310500345,Heart
1.2899887437528774,1.0,1.2633222315956334,1.6841074263743392,Heart
1.096189838479958,1.0,1.0792372285927794,1.4917785986424585,Heart
1.2078171969594975,1.0,1.1810893778288185,1.6361801689331616,Heart
0.8392608828425032,1.0,0.8234837659820529,1.2715936596501751,Heart
0.8752734037535101,1.0,0.8589149675217327,1.277218437678964,Heart
1.048248864418622,1.0,1.0255744049396105,1.375049375956755,Heart
0.9593171514308498,1.0,0.939161919106694,1.3395420299013934,Heart
1.0098785975155569,1.0,0.9861553563053918,1.4084856346513968,Heart
1.0372564322692661,1.0,1.0191573862489753,1.4753796665881864,Heart
1.188917521608677,1.0,1.172078549977577,1.5907322717550194,Heart
1.1729728313672672,1.0,1.148670595062645,1.5396461836091855,Heart
0.9457629063336471,1.0,0.9216531221289667,1.3306953849119076,Heart
1.160242423227936,1.0,1.1385018338675466,1.571641594455432,Heart
1.1461638670501106,1.0,1.1199139249701162,1.5579841660180103,Heart
1.21669381902631,1.0,1.1970743977346996,1.6145877015378074,Heart
1.0827924678971772,1.0,1.0592090950195825,1.4972821149356028,Heart
1.1573328193165007,1.0,1.1298321929472734,1.5051411898931395,Heart
1.0059069768081974,1.0,0.987334680932485,1.405661920317343,Heart
1.105332814640623,1.0,1.081883723694319,1.5093897423867215,Heart
1.277441448042382,1.0,1.2575927319888274,1.5813987093133386,Heart
1.1648246571555854,1.0,1.1372299400520047,1.5723285537797866,Heart
1.0449064215197936,1.0,1.0202669840616339,1.412037856774011,Heart
1.154518288615079,1.0,1.1309362984714326,1.5771924609452193,Heart
1.0757083762155322,1.0,1.0620196589734001,1.52141789700535,Heart
1.0242682555781442,1.0,1.0008542459133793,1.4073227483493629,Heart
0.8535917089748817,1.0,0.8450138473406867,1.3076038092011375,Heart
1.2265590846675256,1.0,1.2098069934464928,1.58316117075906,Heart
0.948236557061372,1.0,0.9314840063341228,1.3514925541381797,Heart
1.1005567814689858,1.0,1.0684889750407809,1.5573746314490544,Heart
0.887363048779134,1.0,0.8727059255715759,1.3459003684997606,Heart
0.8729091627600599,1.0,0.859753134871752,1.3137264376067144,Heart
1.0993506923729344,1.0,1.0751484371947126,1.4456843681887757,Heart
1.0841298031890356,1.0,1.065379585465072,1.45968587693117,Heart
1.1753987509465023,1.0,1.1645498503516014,1.5540920218330019,Heart
1.2473444994175165,1.0,1.222140200711342,1.6385286364551686,Heart
1.2490012941205042,1.0,1.2304647243093387,1.6876524994317545,Heart
0.8278068617925853,1.0,0.8135124296791204,1.2327120629191939,Heart
1.0051638856791993,1.0,0.9898067927384868,1.4244335827872552,Heart
1.1512305470864406,1.0,1.1321509886834695,1.545211023330412,Heart
1.080295596720364,1.0,1.0509251902016945,1.5120144841230354,Heart
1.3339942200162986,1.0,1.3016105650374015,1.757644669529251,Heart
0.8351132642600382,1.0,0.8135897039107292,1.2569362562704138,Heart
1.3170078450325613,1.0,1.2871481573699535,1.717656135794031,Heart
1.2303292545676277,1.0,1.2114943020438513,1.588913392387498,Heart
1.1227738273847265,1.0,1.0982805258476402,1.5651933495494257,Heart
1.1508123332904676,1.0,1.123965782248083,1.5686838386505055,Heart
1.1126935689638802,1.0,1.086988207106136,1.4654097208219476,Heart
0.6297877609389664,1.0,0.6179810679904151,0.9142731026520298,Heart
1.1365792642390329,1.0,1.1103288051275173,1.5214565643730908,Heart
1.095955358088503,1.0,1.0794384657324412,1.4412523974790687,Heart
1.3392146747739042,1.0,1.3118033284932133,1.6534956544635784,Heart
1.0090066901669943,1.0,0.9878196153994373,1.4586705684415724,Heart
1.0375531670051437,1.0,1.009592282304448,1.4469406897306518,Heart
1.3024945854323353,1.0,1.2689037281439468,1.6684204676154972,Heart
1.0888273262914119,1.0,1.0593171513322432,1.4149317462157969,Heart
0.8435260790638305,1.0,0.8210910360065541,1.2493273196754142,Heart
0.8436253334440488,1.0,0.826759420131685,1.305945950353071,Heart
0.9945058857987067,1.0,0.9825387877247749,1.4080723843080234,Heart
1.0153402739002797,1.0,1.003359007198727,1.4446709393768276,Heart
1.1618833893228737,1.0,1.1395080266732829,1.5514362856603472,Heart
1.284864031196221,1.0,1.2600809114353815,1.613423723877929,Heart
1.2734141527109706,1.0,1.2452013665289146,1.6398713873929665,Heart
1.0764968311493195,1.0,1.0531392714178953,1.4781419650034335,Heart
0.9765874800809708,1.0,0.9595876368071831,1.4787845561725115,Heart
0.9333126115672755,1.0,0.9083128944047116,1.26130555992271,Heart
1.1905695949488284,1.0,1.168388369643203,1.6406682544055171,Heart
0.920373377300342,1.0,0.8946622012979522,1.3081348575473941,Heart
0.8372183483640233,1.0,0.8156331935738321,1.2259289576297823,Heart
1.228156998904144,1.0,1.2047058186734285,1.6487134973291646,Heart
1.1151834815923785,1.0,1.0854709660411117,1.4603356686846622,Heart
1.1989655195534148,1.0,1.1796062851028963,1.6061334128709432,Heart
1.1212211804393124,1.0,1.0974611177062936,1.4834817487822956,Heart
1.1203005063955112,1.0,1.1009643579499657,1.6343880860591222,Heart
1.0757821689421685,1.0,1.061344726819531,1.5389701855620725,Heart
1.1119890238548962,1.0,1.07787150234695,1.41751603933366,Heart
0.8905009833084343,1.0,0.8739393491256786,1.3466971429129624,Heart
1.2371988649689039,1.0,1.2016642022245014,1.5583054367028248,Heart
1.18035433160551,1.0,1.1538403654244227,1.5638624004567423,Heart
1.1122016691884673,1.0,1.0912922980854511,1.5089738728857414,Heart
1.2753731209343293,1.0,1.2581555703072913,1.6777699104597457,Heart
0.9128065320924397,1.0,0.8913146935331117,1.323066773469807,Heart
0.9638672853444238,1.0,0.9487933793196276,1.374989734449803,Heart
0.987607186733071,1.0,0.9665947301198075,1.4010927898158692,Heart
1.3273687210801308,1.0,1.3082917274868637,1.714619191107173,Heart
1.2950874734264983,1.0,1.2596483768398263,1.6275348633110054,Heart
1.056237823574131,1.0,1.0397646264543112,1.5182054537673646,Heart
1.1992452395544482,1.0,1.1833218743708185,1.6109050766350508,Heart
1.2478995871663237,1.0,1.2225690631247161,1.6830830962734105,Heart
0.8585591125016246,1.0,0.83715341450177,1.2417775831813622,Heart
0.9495668166487069,1.0,0.9327921200134138,1.363784645641384,Heart
1.1209095634344073,1.0,1.0975678389968089,1.4960810949300332,Heart
1.2241288279224578,1.0,1.1940343751005278,1.584083538861029,Heart
1.0349669553393437,1.0,1.0109958754707393,1.417219548763767,Heart
1.152143640372331,1.0,1.1293762990921186,1.5674586846144685,Heart
1.0997746827226553,1.0,1.0778995673941354,1.5590342388925305,Heart
1.111387740544241,1.0,1.094194856456553,1.53057291156555,Heart
1.3337665187589747,1.0,1.3055703040170712,1.7005683831133813,Heart
1.271016993149428,1.0,1.2410231659040782,1.5861029143713152,Heart
1.1989309319255244,1.0,1.1821272265822504,1.5356369570428299,Heart
1.0250965741801128,1.0,1.009209912077733,1.408860844553855,Heart
1.1556135218858081,1.0,1.1238355903730193,1.4755285486190386,Heart
1.234442266064789,1.0,1.2148659529057504,1.5414475635042284,Heart
1.137524324105789,1.0,1.1107381547867947,1.5545493512201367,Heart
1.1431500264925751,1.0,1.11959103090872,1.542293637791275,Heart
1.2364890537713693,1.0,1.20951091590715,1.667364183923443,Heart
1.227506961856843,1.0,1.2082668407898751,1.5980836785404597,Heart
1.1641509526825486,1.0,1.144246980266802,1.5278027425614928,Heart
1.1537743241328586,1.0,1.1292939842085217,1.4871643561276269,Heart
1.0647690295425738,1.0,1.0474934099701783,1.5169097213225495,Heart
1.2290440366683517,1.0,1.1959823677189767,1.6026665146067989,Heart
1.1712317436126594,1.0,1.1535645821096046,1.570229996062939,Heart
1.0907766086506712,1.0,1.0654569000757836,1.4752573689270068,Heart
1.3141006074973656,1.0,1.2877830528960743,1.6923209247033038,Heart
1.2490205005446788,1.0,1.224091912730094,1.592203864186824,Heart
1.1400125577937765,1.0,1.1178191189354196,1.550573512468186,Heart
1.2732144308679068,1.0,1.2444686397302205,1.6170254462541915,Heart
0.8472559149891797,1.0,0.8334469930517079,1.2956024928485474,Heart
1.1358447756826162,1.0,1.1145526275200417,1.5120246578716383,Heart
0.9462672263069013,1.0,0.9267823429626622,1.3511202355571013,Heart
1.2072892481911166,1.0,1.1811306791697305,1.6367618321873814,Heart
1.2343950388128808,1.0,1.2113620763656545,1.600765133154614,Heart
1.1302925207823102,1.0,1.114950099714416,1.5130849367509576,Heart
1.070124173393016,1.0,1.0501575876217721,1.5474342474991816,Heart
1.0873170990250287,1.0,1.0649266919366662,1.499429209875291,Oblong
0.8245304837509971,1.0,0.8147499595670203,1.2469374180899109,Oblong
1.2204820673887078,1.0,1.200867205458201,1.6874337562993478,Oblong
1.0315773177912648,1.0,1.0158650201265427,1.477163060329571,Oblong
1.0950479044004704,1.0,1.0671714757163524,1.4432792939275332,Oblong
1.0852800808100291,1.0,1.06676697458284,1.414261421753185,Oblong
0.9828402520068368,1.0,0.9628952919991466,1.4045950535361573,Oblong
0.9230108401868292,1.0,0.9078693624384891,1.2976408158341715,Oblong
1.0353054284163379,1.0,1.0196472659793079,1.4059565281823496,Oblong
0.6228366819548983,1.0,0.61779236390267,0.9528463149544254,Oblong
1.0123874980379544,1.0,0.9914424133286437,1.3928177035235207,Oblong
1.1316700832951834,1.0,1.1144775347611988,1.5699469256528686,Oblong
1.2219072145288976,1.0,1.1938465990497664,1.5997097655983494,Oblong
1.1308551528738564,1.0,1.1134011008584384,1.5381286202289413,Oblong
1.110121715176296,1.0,1.0871578297612863,1.531350988561413,Oblong
0.9965174821567384,1.0,0.9846801036881345,1.3532690488004808,Oblong
1.1403044794360744,1.0,1.1191926665288758,1.547784834773827,Oblong
0.7958134711767213,1.0,0.785721934777674,1.1654641255519749,Oblong
1.0791110982116365,1.0,1.055891723125274,1.492594740140945,Oblong
1.0975638106090975,1.0,1.0833437059095299,1.496527894484522,Oblong
1.1123383348920879,1.0,1.0879090255880517,1.5803939090253374,Oblong
1.0086016222802934,1.0,0.9948249192058469,1.4515064913176436,Oblong
0.8564611077639012,1.0,0.8431182972268836,1.2717251752295649,Oblong
1.0370305331247238,1.0,1.0193789262638515,1.4475627448100905,Oblong
0.7662539133105083,1.0,0.7499645225590869,1.0862009813600113,Oblong
0.9222921207872061,1.0,0.9111255104466119,1.3349571481369347,Oblong
1.1186429332399186,1.0,1.1015552406136577,1.5240342681633539,Oblong
1.338979560088756,1.0,1.3107157661252418,1.658453248489042,Oblong
1.065039597522959,1.0,1.04957634168967,1.4745568220472685,Oblong
1.0755175489763307,1.0,1.0565981172588679,1.4952010827064168,Oblong
0.8073358070870112,1.0,0.7955599408775839,1.1921402985550733,Oblong
1.2585845303383867,1.0,1.2298675064727564,1.5519764695791713,Oblong
1.0074269708274246,1.0,0.986789525489314,1.449087151548176,Oblong
1.100508302828285,1.0,1.0805194171414438,1.4562061712133874,Oblong
1.2375915449861952,1.0,1.2106796516298295,1.542088412679669,Oblong
1.0536857576611793,1.0,1.0361230019249439,1.5109988578205142,Oblong
0.8046947990010537,1.0,0.7936147798690799,1.2084797836238481,Oblong
1.0961806910418002,1.0,1.0590052488137114,1.4421675137820291,Oblong
1.1789192201002083,1.0,1.1564616709081585,1.5351074543452354,Oblong
1.1713675505756929,1.0,1.143215247489816,1.5827285975529937,Oblong
1.2079067178910137,1.0,1.1802000996710538,1.4938058545204846,Oblong
1.2715526464937488,1.0,1.2508980333451791,1.5959658245289505,Oblong
1.0261313657504254,1.0,1.0153521697430803,1.4410756167129564,Oblong
1.1387981846526476,1.0,1.117432136077066,1.5551936740537822,Oblong
0.41382926427505884,1.0,0.4038451237462554,0.6658840497782649,Oblong
0.9912418838967231,1.0,0.978078266966884,1.4083743781219482,Oblong
1.0115251367864775,1.0,0.9980353360850566,1.4549699609512665,Oblong
1.1529678508548264,1.0,1.1264900063951677,1.5147525689225585,Oblong
1.1557054267522417,1.0,1.1282974280909897,1.6046223710715604,Oblong
1.0308581189654602,1.0,1.0157574153982412,1.4167151421117394,Oblong
1.2267249370613482,1.0,1.2031533726825119,1.517351533925519,Oblong
0.9428815662263444,1.0,0.9305759577706255,1.383276343905855,Oblong
1.0316723641282568,1.0,1.0154814189598869,1.463031548464746,Oblong
0.8324076273970261,1.0,0.8134861446285224,1.146441800764895,Oblong
1.1883533368259305,1.0,1.171661049025495,1.582206833781287,Oblong
0.828472990162736,1.0,0.8141779971455495,1.1645869304607044,Oblong
0.7967861654398192,1.0,0.7802862131819461,1.1513227474593952,Oblong
0.6165045452760094,1.0,0.6089339763175151,0.9637842806697069,Oblong
0.8109928018837007,1.0,0.7991692422394501,1.2217910116534614,Oblong
0.7639175963504964,1.0,0.743968753702599,1.1322374583329138,Oblong
1.238793289232347,1.0,1.2222937558005709,1.72611339114168,Oblong
1.0946045226206027,1.0,1.0783139576657097,1.4876935217409377,Oblong
0.9874294430892354,1.0,0.9699663914019531,1.456929739625459,Oblong
0.6495103749909905,1.0,0.6382962940650166,0.9843771901683411,Oblong
1.0412413923608224,1.0,1.028445719230133,1.4323472142985942,Oblong
1.1481432802878684,1.0,1.1356778802428027,1.5456260302023468,Oblong
0.9221535668658662,1.0,0.9018928532345621,1.3629855619176081,Oblong
1.2679260487170825,1.0,1.2460492690945029,1.5962583314970948,Oblong
1.24922752103197,1.0,1.2255128015169452,1.569754969713171,Oblong
1.1745672611176114,1.0,1.151714435621772,1.5541656412522433,Oblong
1.1905807420316692,1.0,1.1601493647522718,1.6038929321236297,Oblong
1.1241903335931942,1.0,1.105217929937959,1.4961098625315095,Oblong
1.22503554126919,1.0,1.2051321871584206,1.648178063835422,Oblong
1.1486499562817876,1.0,1.1240609867353477,1.4501720476797633,Oblong
0.7907231408484227,1.0,0.7782399091967593,1.1793602989375098,Oblong
0.7745375586488193,1.0,0.7639925397393154,1.201302333602574,Oblong
1.2013052258494497,1.0,1.1781815746524598,1.55697849156576,Oblong
0.7981400251194005,1.0,0.7849302720652619,1.1674896288817256,Oblong
1.223020061310202,1.0,1.20819082088597,1.6315142720475249,Oblong
1.1154942163961628,1.0,1.103147817813044,1.5322943698569644,Oblong
1.135545721825175,1.0,1.1156242657227757,1.5386392371285114,Oblong
1.1139847801041496,1.0,1.0915998518047423,1.5123218493572124,Oblong
1.0394776404159016,1.0,1.0148501603193913,1.4784800743370983,Oblong
1.1297368266812509,1.0,1.1075784071072128,1.5220951390537574,Oblong
0.792525590155251,1.0,0.770421520950894,1.1331519743181877,Oblong
1.5713694354824879,1.0,1.517037384630422,1.7924900150891665,Oblong
1.186699027028246,1.0,1.1640105626629198,1.5036851032835181,Oblong
0.8778368851829583,1.0,0.8660138498308632,1.2667944819606276,Oblong
1.0864132353265468,1.0,1.0635704574173674,1.4613978587458396,Oblong
1.1077819592865057,1.0,1.0876775694113294,1.6132177356197035,Oblong
1.0141743198005078,1.0,0.9984289279911583,1.4194136238940744,Oblong
1.055919944419345,1.0,1.037755622512378,1.4394751653053333,Oblong
1.0744976070770644,1.0,1.0526545365655589,1.5177821180114515,Oblong
1.066835402078551,1.0,1.0487866088104767,1.5085514586929631,Oblong
1.1709158689868038,1.0,1.1541362438482554,1.6462610547898147,Oblong
1.0452893917035084,1.0,1.0370974700512265,1.5176395801733171,Oblong
1.0753158889899073,1.0,1.05655753492346,1.4880195957734101,Oblong
1.1162354995846355,1.0,1.10192519159319,1.4795344862635917,Oblong
1.2006493531836495,1.0,1.1802422426325734,1.5238196835837325,Oblong
1.213392353432659,1.0,1.2004706635621956,1.5869463073060912,Oblong
1.0107949177473854,1.0,0.9820640318422343,1.4180458796463253,Oblong
0.752795766269148,1.0,0.7420032029557252,1.1624488827492563,Oblong
0.6899970289627654,1.0,0.6875277559451816,1.080346415716097,Oblong
1.1655974026815756,1.0,1.1515765735527699,1.547586211429011,Oblong
0.9465571390597985,1.0,0.9446950600309713,1.3973303089651619,Oblong
1.077200892593158,1.0,1.0641892159381814,1.4802021398933631,Oblong
1.118964570715755,1.0,1.0954947093930514,1.5174632649847815,Oblong
1.0802698763913363,1.0,1.0682940126123195,1.4831290043192487,Oblong
1.1001707285139666,1.0,1.0931549881986704,1.540745668237207,Oblong
1.0899460152630136,1.0,1.0748266128020845,1.566009704314935,Oblong
1.095350286934834,1.0,1.0728361787720468,1.4479173648655599,Oblong
1.132023294726397,1.0,1.1168162574949914,1.6069237190071313,Oblong
1.1526587722478192,1.0,1.143562787327428,1.6495055378620171,Oblong
1.0685934875190113,1.0,1.0509467299367588,1.4681430759244007,Oblong
1.1477605209245811,1.0,1.1327362938435455,1.4937998888597444,Oblong
1.2150012861127215,1.0,1.1964856906110335,1.6719616222375948,Oblong
1.2437754888447123,1.0,1.221440198776461,1.6006804460832857,Oblong
1.126682616601362,1.0,1.1029563129297815,1.5067791768693195,Oblong
1.0043527793791402,1.0,0.995824340177036,1.4095055884570467,Oblong
1.0185257765433808,1.0,1.003874045636152,1.4553230720570933,Oblong
1.097663648881901,1.0,1.079479577368802,1.5071393340471129,Oblong
1.3991059934563321,1.0,1.3766760481148799,1.799674769938572,Oblong
1.4416815395327713,1.0,1.3972885723823798,1.7786362869365313,Oblong
1.0464539735073277,1.0,1.0351251543748445,1.5168814821018188,Oblong
1.1307697955813274,1.0,1.111010601507,1.5909860354778642,Oblong
1.0270449016629195,1.0,1.014289743834431,1.4200367314535514,Oblong
1.1001633986633157,1.0,1.0732685451712767,1.451263921584321,Oblong
1.0903531917636118,1.0,1.0789188971860475,1.5485012570789134,Oblong
1.4261316062110585,1.0,1.391641615426396,1.7134356689874979,Oblong
0.9786527638355548,1.0,0.9676531524029102,1.3910092983591544,Oblong
0.9934978216918763,1.0,0.9739973378636064,1.375999597120306,Oblong
1.0700374527190897,1.0,1.0508349210634327,1.4445384488978783,Oblong
1.105820162689951,1.0,1.0947654188622464,1.5016601407709742,Oblong
1.1302803950227878,1.0,1.111197950501281,1.469336798406275,Oblong
1.109467690149942,1.0,1.1059091834962902,1.562037601379818,Oblong
0.9560258938388609,1.0,0.948992383883825,1.3201791058305499,Oblong
1.0646955579721753,1.0,1.0465717332658682,1.3978746585168151,Oblong
1.0932989954648302,1.0,1.0708762733171142,1.5391481007149617,Oblong
1.1029469472346263,1.0,1.0818815010194887,1.4591413480016615,Oblong
0.6553233870588474,1.0,0.6442731366397217,1.0187974812135228,Oblong
1.0465561001598207,1.0,1.03997940327104,1.5016547756705663,Oblong
0.9168720704072016,1.0,0.9078199017698463,1.3284100328039585,Oblong
1.0384548940366582,1.0,1.022127176689458,1.4688238556876732,Oblong
1.122578364468817,1.0,1.1082856218662496,1.5502110481453069,Oblong
1.1143937673966962,1.0,1.0882800580148608,1.4923927399100356,Oblong
1.1272642420970713,1.0,1.1070440835803987,1.4778088732148318,Oblong
1.2175987765027065,1.0,1.1954788747709393,1.534631569751649,Oblong
0.9828423955010932,1.0,0.9701194887444958,1.4051521108959768,Oblong
1.1013445480613584,1.0,1.072117226461849,1.5260306466996176,Oblong
1.0179295550224083,1.0,1.0024603214431143,1.4489295427226814,Oblong
1.13153146039044,1.0,1.0848182537587998,1.4181413528683813,Oblong
1.0387005361925767,1.0,1.0198141492070951,1.466318540356189,Oblong
1.2665238722964405,1.0,1.2327783487072979,1.5849104484267187,Oblong
1.1624022748099732,1.0,1.1356824544816215,1.5099546370757766,Oblong
1.201814829500261,1.0,1.1837150423199583,1.6099711668190526,Oblong
1.129425824135408,1.0,1.1142992436414918,1.5103175300924896,Oblong
1.012963956430753,1.0,0.9983477974028555,1.3878992769199756,Oblong
0.8104334211043109,1.0,0.7888355671568478,1.1940686872529822,Oblong
1.200692442666373,1.0,1.1822652372043991,1.551444134734471,Oblong
1.066060555235937,1.0,1.0492645075585918,1.4923364712387843,Oblong
1.1997707649349942,1.0,1.1622977917638717,1.5260985611880118,Oblong
1.0417029494606485,1.0,1.0207908135923134,1.477849400516348,Oblong
0.788293964473567,1.0,0.770180173666076,1.1492905901774464,Oblong
1.1743398729916792,1.0,1.1526264241795114,1.4782725281626565,Oblong
1.1240832754837744,1.0,1.0999996426999008,1.5345111805333769,Oblong
1.031447261233483,1.0,1.0163171255698216,1.423419978343261,Oblong
1.03493705703802,1.0,1.0190428023842135,1.4699365327075575,Oblong
1.0300400835333767,1.0,1.0272150159189484,1.487057856945176,Oblong
1.1576438386026977,1.0,1.1459614981043866,1.563466094193171,Oblong
1.2423777155169509,1.0,1.2166977818017708,1.5809171906474242,Oblong
0.963850308827373,1.0,0.9511659978537226,1.3743079209296045,Oblong
1.1922401790575292,1.0,1.1815910665048726,1.5773330684354128,Oblong
1.1215003908428185,1.0,1.1076590998035118,1.514886494244446,Oblong
1.0197534501887193,1.0,1.0142803856394125,1.3374031875248584,Oblong
1.097234240624093,1.0,1.0690977122603196,1.4603975566924132,Oblong
1.092934156062892,1.0,1.0706881802228532,1.4540675777966572,Oblong
1.1193042846288235,1.0,1.107287116364275,1.556414804223685,Oblong
1.0101123993590613,1.0,0.9968264692802964,1.4132202186008171,Oblong
1.0780211419302448,1.0,1.0572129361045257,1.4090917637536282,Oblong
1.1180923496666049,1.0,1.0982631260694353,1.4846044804530887,Oblong
1.0786278403030223,1.0,1.0524588988368744,1.5060046874639452,Oblong
1.2493676506113032,1.0,1.220250085337266,1.6455161221086068,Oblong
1.0225809278667894,1.0,0.9981559905118766,1.3925264585121917,Oblong
0.9848547632172765,1.0,0.9646143059295594,1.3545421180157822,Oblong
1.0842631381800414,1.0,1.0718236339378406,1.5552873525940971,Oblong
0.9958630627203585,1.0,0.9818634865904927,1.4023166534837481,Oblong
1.202236698160065,1.0,1.1882301279780065,1.6154812273689074,Oblong
1.2225063914044634,1.0,1.2000537437886876,1.5547564024301828,Oblong
0.9671632328302334,1.0,0.9485153468628927,1.3344582993733303,Oblong
1.1081343862887147,1.0,1.0877749780498456,1.5548556710420252,Oblong
0.5969881585757176,1.0,0.5883923630567464,0.9463184727842601,Oblong
1.1026801069152083,1.0,1.0816531637628235,1.5304819769194893,Oblong
0.99098500194411,1.0,0.9732368168005567,1.3966390462494225,Oblong
1.0231211526312491,1.0,1.0074607828137525,1.4388085311461323,Oblong
1.2357884379829052,1.0,1.1981873178162754,1.54639920872911,Oblong
1.0625665502886108,1.0,1.0422712846356272,1.4185242184141125,Oblong
1.168488262517969,1.0,1.1445438974291624,1.5844786183728072,Oblong
1.0525741286179409,1.0,1.026418859046851,1.4875885115420762,Oblong
0.9117127512296479,1.0,0.8936936447691826,1.3228654687698922,Oblong
1.2520208893965188,1.0,1.2283242448961709,1.6328619147891255,Oblong
1.2454308939526524,1.0,1.2260677749694484,1.6610839070479966,Oval
0.8549629077329847,1.0,0.8371492875165377,1.2607545138615597,Oval
1.2265248205442782,1.0,1.2015175341153812,1.6123817908373317,Oval
1.2809555545835607,1.0,1.2591289108237322,1.6045965707756695,Oval
1.3171229533483344,1.0,1.2956957079972542,1.6744009772334705,Oval
1.0736886211250503,1.0,1.053114314137231,1.4659302442467175,Oval
0.9903121952531239,1.0,0.9683480601498019,1.4597598838527277,Oval
1.3058305164964317,1.0,1.2797226246075748,1.6678598879628566,Oval
1.1420896186079394,1.0,1.122069669166493,1.5568164090064227,Oval
0.8488686984333649,1.0,0.8330461526120799,1.1902299725827186,Oval
1.2249677995063413,1.0,1.1996624517670684,1.5959219373468294,Oval
0.8402156248310734,1.0,0.8213653117503845,1.2424782719724001,Oval
1.2646987679642794,1.0,1.2430343786026679,1.6277374128898006,Oval
0.8662082951348026,1.0,0.8476550755310254,1.2568199775422122,Oval
1.281335274802354,1.0,1.2605665967723658,1.6719496961852194,Oval
1.3251807452231215,1.0,1.311606077608035,1.6564447702739271,Oval
1.2781730946175123,1.0,1.2513015300654358,1.6044319635402549,Oval
1.1082255408998098,1.0,1.0813700166306108,1.4370555220073853,Oval
1.2841084956112818,1.0,1.2605455870858757,1.6592687019779533,Oval
1.046957859316217,1.0,1.0302394281224507,1.477680702019042,Oval
0.7525003409244717,1.0,0.7362758858196083,1.134226934664778,Oval
1.2189351370003687,1.0,1.1921922521427528,1.5658229942608741,Oval
0.8767386188970724,1.0,0.8643949462560109,1.292381087744137,Oval
1.1235863524135792,1.0,1.0989975549078475,1.5421843087081453,Oval
0.8395111334005558,1.0,0.8260679575632373,1.2352042516887505,Oval
1.358731523652916,1.0,1.3361551800807923,1.6625264694918922,Oval
0.855262653831828,1.0,0.843225178312596,1.2546698966578003,Oval
1.047793531764276,1.0,1.0265653010134799,1.468314587656466,Oval
1.1692046969669585,1.0,1.1523835587775573,1.5862148614826619,Oval
1.1482871808210249,1.0,1.125134100987167,1.5244000185320208,Oval
1.114553867005657,1.0,1.0904087412831311,1.4520869464913588,Oval
0.5546089172109337,1.0,0.5450645221143557,0.8789236799902885,Oval
1.0003257844918696,1.0,0.9825357771679311,1.5080866037548162,Oval
1.2283894190560911,1.0,1.214614893572637,1.6437072854106012,Oval
0.8371936216985276,1.0,0.826913225453695,1.1785115976180807,Oval
0.621086123716126,1.0,0.6113803103964195,1.01210577790325,Oval
0.8195654428072947,1.0,0.8041047992910937,1.230580150192167,Oval
1.0875146358883108,1.0,1.0727307017820413,1.5309237964594704,Oval
0.8575067371684513,1.0,0.8412972335639679,1.2723779040652368,Oval
1.0943267681339515,1.0,1.0712341282946443,1.530774661703393,Oval
1.0071205583417635,1.0,0.9910885263536052,1.4374962192086396,Oval
1.0777152097922178,1.0,1.0682179764874398,1.5702824745741357,Oval
0.8350653302176151,1.0,0.8201412426111011,1.1864273256913727,Oval
1.077674987190741,1.0,1.059103513354925,1.5438046638230827,Oval
0.9178536432459338,1.0,0.9051200616227901,1.3452352986945284,Oval
1.02309570540573,1.0,1.0093060534846725,1.4577608799558976,Oval
0.844405336460264,1.0,0.8255350998383983,1.2805396157783742,Oval
1.1900129223049893,1.0,1.1611626014983356,1.600000467021834,Oval
0.9772816255925307,1.0,0.9635903219973263,1.4656110035235956,Oval
1.0392308521799274,1.0,1.0173030005708386,1.5115782950732948,Oval
0.8244363549183071,1.0,0.8096609128665224,1.288717454730791,Oval
1.0803704872173499,1.0,1.0519451796540904,1.489096409576204,Oval
1.03685103994668,1.0,1.0167114930143255,1.4359994828380556,Oval
0.8335280414077755,1.0,0.8167158954792216,1.210489419366833,Oval
1.2094140317927773,1.0,1.1924087056550652,1.6318240263182058,Oval
1.091821692745975,1.0,1.0689898089889718,1.539521194830957,Oval
1.1923931542551338,1.0,1.1779913691728945,1.6048281953848478,Oval
0.9649122156654449,1.0,0.9463802390874845,1.385207091801803,Oval
1.1688797324693172,1.0,1.1415728509304204,1.5449973598036477,Oval
1.0425316057202791,1.0,1.029292244782241,1.4824267216895732,Oval
1.2289487936574657,1.0,1.2073581848770913,1.679213983365694,Oval
1.3002872794993086,1.0,1.2716477474655536,1.753326054627157,Oval
1.2978585033661765,1.0,1.2723678870248107,1.6969781648240068,Oval
1.0400138708582187,1.0,1.0204771564255313,1.498902728226431,Oval
1.0984104636459353,1.0,1.0697709965155036,1.5039155233351666,Oval
1.206155977021109,1.0,1.1801640541847418,1.6264283807355713,Oval
1.1052933770790165,1.0,1.0740886560064729,1.4976090071803236,Oval
1.06700012836068,1.0,1.0427950139164257,1.4761623701921844,Oval
1.0512841136869473,1.0,1.0350414090286049,1.4957644740234193,Oval
1.0965086201065866,1.0,1.0759556081201387,1.5093390128528583,Oval
1.0942565523031935,1.0,1.0668363614545946,1.483901473849651,Oval
1.0580317668277237,1.0,1.0378878034580215,1.5046055563287897,Oval
0.9197209658198654,1.0,0.9027532716262305,1.3707309112811712,Oval
1.0517808963998754,1.0,1.0300385723746386,1.5178752336674437,Oval
1.0820370077770312,1.0,1.0581226543924165,1.5304459515753395,Oval
1.1180239622249224,1.0,1.097506222085814,1.5867179924966728,Oval
1.0282360782866906,1.0,0.9929668339029372,1.4458550197322768,Oval
0.9838597231273485,1.0,0.9685649637254133,1.4622282309444885,Oval
1.1188999596389506,1.0,1.09311946651807,1.5266635900744632,Oval
1.1311181699876856,1.0,1.1076097353164303,1.5593309824281043,Oval
1.059513937231588,1.0,1.0423115621911037,1.5542808547713007,Oval
1.0347097661649332,1.0,1.0080287786524484,1.4429055712208203,Oval
1.0854228105541086,1.0,1.0698180741090602,1.5772491438364864,Oval
1.1267571472403028,1.0,1.1127240374580887,1.6112827663150022,Oval
1.0265554945595232,1.0,1.0002790730619815,1.451296894325734,Oval
1.184727583116552,1.0,1.1687878991350158,1.6169301737221276,Oval
1.12538410126141,1.0,1.1037206355038034,1.5228454454906784,Oval
0.6448274230903284,1.0,0.6356316154203298,1.0672838160990994,Oval
1.099496910135635,1.0,1.077826994176504,1.56613917700305,Oval
1.2416031932392049,1.0,1.214803811181577,1.5855626926567405,Oval
0.5958954112659118,1.0,0.5859485856758689,0.9670003540075452,Oval
1.101241739850472,1.0,1.0716230427803402,1.4381352562901601,Oval
0.9380297993247753,1.0,0.9252492946820933,1.3172700710144887,Oval
0.5637831037443103,1.0,0.555070652975374,0.932499612756252,Oval
1.0871365373460864,1.0,1.0639002836402442,1.5087317223672791,Oval
1.1376326010796796,1.0,1.1157290283993924,1.5520399375057148,Oval
1.0116049669071905,1.0,0.9922662290151978,1.4931259816696432,Oval
0.7532798852080214,1.0,0.7392124519962677,1.1536610875754987,Oval
1.224226947693305,1.0,1.1990608738327897,1.543653005442482,Oval
1.178854097545774,1.0,1.1539399915874997,1.622527184865891,Oval
0.9942943002097301,1.0,0.9796246746543865,1.447446045289017,Oval
0.8897794140976973,1.0,0.874264927455463,1.3083296241686801,Oval
0.7201224077289583,1.0,0.7052305459200853,1.1010734604325345,Oval
1.0717083668485432,1.0,1.0584364088511888,1.54832818286593,Oval
1.0161870507373745,1.0,0.9903591088847518,1.4734097062531752,Oval
1.102191892005947,1.0,1.0744130584296918,1.5467487078848812,Oval
1.039403203370013,1.0,1.0139799408547796,1.449598267959693,Oval
1.140983196622157,1.0,1.1266189743199018,1.5428864007837282,Oval
1.0172971379930158,1.0,0.9973927471648988,1.4789641636467368,Oval
1.0313457047190815,1.0,1.0093769004411153,1.3896766906357907,Oval
0.98396554361827,1.0,0.9740498407299901,1.4272275904399137,Oval
1.0487530327082066,1.0,1.0302552660551942,1.4851126902242198,Oval
1.0564173963238483,1.0,1.0336467123124613,1.5489241433018335,Oval
1.0727347703531718,1.0,1.0481789358568998,1.5126298192241252,Oval
1.0963447696007704,1.0,1.0752388377308455,1.5476354834125148,Oval
0.9779147304390259,1.0,0.9551211076893235,1.4102798725157517,Oval
0.9912358268813353,1.0,0.9691368155925267,1.4325683503186217,Oval
1.0436617231893932,1.0,1.0285561576093232,1.5261642038809413,Oval
1.0717349338496738,1.0,1.0472734877048018,1.48384230932285,Oval
1.286679160961186,1.0,1.2631649104739124,1.674905450201751,Oval
0.7601978792745567,1.0,0.7389089616231611,1.140404996560179,Oval
1.1611105527252432,1.0,1.1444439504344994,1.5876121251309734,Oval
0.8275579741963376,1.0,0.8118848975309746,1.2764471126970653,Oval
1.0427578784050286,1.0,1.0231912849807703,1.3935642304228233,Oval
1.1445060930131405,1.0,1.125660303653307,1.5977154191012333,Oval
1.1635834278265507,1.0,1.1471803749741638,1.494817869157765,Oval
0.9849272406947599,1.0,0.9584908156056975,1.3698011057858073,Oval
0.8503820352211352,1.0,0.8328293415348261,1.3005060796666887,Oval
0.6821556383048242,1.0,0.6678259564419283,1.0678409386632421,Oval
1.0047640189489344,1.0,0.985349405341429,1.4570755678312752,Oval
0.8391638469106615,1.0,0.8198010597199856,1.2403268725662444,Oval
1.1194886741165253,1.0,1.0950865460500534,1.5572835681916128,Oval
0.8641694508025118,1.0,0.8450826393470838,1.2582157550614925,Oval
1.0500288011730101,1.0,1.017095935262144,1.4753038855774874,Oval
0.6618603824166607,1.0,0.6515944281564112,1.029512958752784,Oval
0.8270311967571151,1.0,0.813846162315189,1.2517573429254165,Oval
1.1602642335213085,1.0,1.1334692227463286,1.588897772510644,Oval
0.6200724952725302,1.0,0.6069790043808789,0.9970224558596971,Oval
0.8264702556942443,1.0,0.8116230134037536,1.2262362510431388,Oval
0.9876953502736947,1.0,0.9723631437153092,1.420163501928027,Oval
0.7710745311027541,1.0,0.7511247483510811,1.1012084676401743,Oval
1.032738881072956,1.0,1.014925546245266,1.4697225391626312,Oval
1.1333519961515375,1.0,1.1115235865127269,1.575978708219168,Oval
1.1028833635305142,1.0,1.0855463113911308,1.5319694565758393,Oval
1.117098165164913,1.0,1.1031387016314385,1.5966274686795923,Oval
1.0927350084764944,1.0,1.0802556417681075,1.5811938834054209,Oval
1.2992492410908925,1.0,1.2737382207582053,1.6418511375511868,Oval
1.1799607029936716,1.0,1.1538129271104314,1.544851687873471,Oval
1.1532804764477276,1.0,1.136176234250493,1.5540967268994443,Oval
1.2943450287505243,1.0,1.2711866130068503,1.6974921896447364,Oval
1.2207342915612658,1.0,1.1986800586612492,1.6370156283355242,Oval
1.3689711448984465,1.0,1.3391959209470259,1.7161669119566352,Oval
1.007612368928815,1.0,0.9961034290958624,1.4975665284833404,Oval
1.2780368260280355,1.0,1.2502141790734236,1.6236576197535488,Oval
1.21816483053823,1.0,1.1982839229882316,1.5989774666164425,Oval
1.2608148034676123,1.0,1.2276204103737467,1.6448480640417322,Oval
1.0069711515112414,1.0,0.9835207085528169,1.436347357363972,Oval
1.1303845418134695,1.0,1.1093367039283506,1.4894356691986896,Oval
1.0622322189391713,1.0,1.0442817503426551,1.4547370377125257,Oval
1.231621741151093,1.0,1.207620935824814,1.5866528476741393,Oval
1.1244898713982285,1.0,1.1048223710056764,1.5664914143845559,Oval
1.2852335824454746,1.0,1.2606231600080544,1.6586934658286954,Oval
1.0254457559110604,1.0,1.0145549833761756,1.4580685792518446,Oval
1.2429152134890904,1.0,1.206140754300287,1.6340227028272094,Oval
0.8510935462934217,1.0,0.8349294820637743,1.288301820612958,Oval
1.1512529066580344,1.0,1.1337877101649028,1.5972027381445875,Oval
1.2442555146377958,1.0,1.2140140102192285,1.690217588967027,Oval
1.096785872035743,1.0,1.071356140596838,1.4717630927575391,Oval
1.078552495051452,1.0,1.0531149450947945,1.5085762915802545,Oval
1.063161552200082,1.0,1.0445790124692964,1.5031600378745826,Oval
1.0724210658106355,1.0,1.0483839435020723,1.5471619114671833,Oval
1.0998972188861706,1.0,1.0820631286634799,1.54637766983079,Oval
1.2480101265216639,1.0,1.2325202775759558,1.6143422312641686,Oval
1.240659435146541,1.0,1.2281279369293554,1.6207605768943134,Oval
1.1418541515727223,1.0,1.108409068330006,1.472807945216109,Oval
0.9444107740462584,1.0,0.9301933411595751,1.355962054283695,Oval
1.2582332371321916,1.0,1.2255458145781881,1.613615135502455,Oval
0.859102484541152,1.0,0.8388992953473314,1.2144593227270875,Oval
1.1006415175488375,1.0,1.0814950896371895,1.48127882615586,Oval
0.8724719464062489,1.0,0.8560393609971844,1.3024141609304285,Oval
1.098358701039461,1.0,1.071073490068846,1.5086943461694915,Oval
1.0177012220604742,1.0,1.0014724705317628,1.489745550078999,Oval
0.830047331723529,1.0,0.8156984820845726,1.23445649601625,Oval
0.8390296293777074,1.0,0.8210357664373972,1.22279578344646,Oval
0.8329286929659907,1.0,0.8165891991172408,1.2294015137840306,Oval
0.8490151879279385,1.0,0.8386838145312177,1.2924121401462252,Oval
0.9869770842169671,1.0,0.9656561451462145,1.4065911848636468,Oval
1.0583060222311729,1.0,1.0353988711119517,1.4959761885560885,Oval
1.0116888451205992,1.0,0.9897085423158398,1.4697604844629908,Oval
0.8430148366963958,1.0,0.8255600776096401,1.2662222794495896,Oval
1.0150933538745095,1.0,0.9903905712139345,1.478069276477074,Oval
1.0159725755900744,1.0,0.9960667318269065,1.469276464307416,Oval
1.120636123702259,1.0,1.102056773083279,1.5733258918226305,Oval
0.8609175175329831,1.0,0.8396552873985875,1.3226948739132751,Oval
1.2359692241413853,1.0,1.2049036324301132,1.5655847363021576,Oval
1.0016468918783528,1.0,0.9794523073726601,1.3825275115798903,Oval
0.8354079771577562,1.0,0.8245833872791478,1.2191453230354332,Oval
0.803720542238961,1.0,0.796562708990982,1.2115217278364256,Oval
1.122357432025731,1.0,1.1051575319331404,1.5932320424992665,Oval
1.1337787828600572,1.0,1.1080679651112113,1.5226485707794282,Oval
1.139216418911896,1.0,1.12002955990298,1.559082828620812,Round
1.0400383485426654,1.0,1.0269478451513487,1.5679726994106038,Round
1.0868269309102756,1.0,1.0712643443893015,1.546490795750636,Round
0.8855981788625549,1.0,0.8734998548694842,1.3123850016246366,Round
1.2966124700968997,1.0,1.2832189497296889,1.557077951666741,Round
1.1811906922606838,1.0,1.162652339821954,1.6659146292973783,Round
1.1746104572492468,1.0,1.152949825776817,1.623629174388794,Round
1.3923102737412754,1.0,1.3592316006242824,1.753851383357364,Round
1.1635301024569962,1.0,1.1452862857316386,1.5851706460660258,Round
1.1825724753870681,1.0,1.1633428393478733,1.6354873808351624,Round
1.0312146888837712,1.0,1.019136004645775,1.4927110249051696,Round
1.0618742897437674,1.0,1.059836835097303,1.5332524536391867,Round
1.0707492177391418,1.0,1.0551391236284775,1.4961398485247441,Round
1.144714096562834,1.0,1.1332733965437363,1.5724362196082362,Round
0.8474400415979474,1.0,0.8327242895930507,1.275937014946272,Round
1.0987198673601457,1.0,1.0787175758383152,1.5239091894316676,Round
1.0157663181113281,1.0,0.9902391299494497,1.4972979738926242,Round
0.656135795726681,1.0,0.6401090572847045,0.9873523321837385,Round
1.113010636023487,1.0,1.0949155742215735,1.6236421730398187,Round
0.9810481385910601,1.0,0.9689988952676336,1.4137585843035168,Round
1.2422199062740136,1.0,1.2133914910766066,1.615263014253353,Round
1.2199208838923155,1.0,1.1942961655553024,1.547967208104353,Round
1.0863042813852997,1.0,1.074102512405132,1.4946963190193463,Round
1.2236100117006656,1.0,1.2004873810457892,1.6524227669044442,Round
1.069614346295567,1.0,1.0462305571406398,1.5610404387699226,Round
1.115277718959267,1.0,1.1004282781959214,1.6098155421116505,Round
0.9998450652744474,1.0,0.9901921871209256,1.450936670671139,Round
1.1829286666629746,1.0,1.1744415657673806,1.574591403872642,Round
1.0675086188757066,1.0,1.0542813955591035,1.49642929757486,Round
1.1686693509318051,1.0,1.1570404163283385,1.5847323190307896,Round
1.2894877668514078,1.0,1.2710962882090844,1.7019049421823131,Round
1.0966356320424329,1.0,1.077462203155214,1.5425268088643658,Round
1.08267019179372,1.0,1.0691422268609303,1.5510328973484027,Round
1.115305616244583,1.0,1.0919074399630062,1.4922985775888042,Round
1.0353378664222253,1.0,1.0271131566965295,1.498258570506448,Round
0.8552260699118893,1.0,0.8471298821155693,1.2423729262440715,Round
0.7528062719658445,1.0,0.7448184269303847,1.1859924271306685,Round
1.0424130545158086,1.0,1.020385975141999,1.4577570850861825,Round
0.9300829142735562,1.0,0.9161193651690456,1.3061894187026242,Round
1.2643209262654769,1.0,1.2406952873040327,1.6443333758268728,Round
1.2838646437266272,1.0,1.2618403800067628,1.68630187318807,Round
1.0583964449009868,1.0,1.0483811698842473,1.4496167714163288,Round
0.9136586635903124,1.0,0.9057028437578741,1.3139277622927084,Round
0.9064288607936553,1.0,0.8894691885339462,1.2758088376865013,Round
0.8918368831936199,1.0,0.8822791736990772,1.3141990991124022,Round
0.9008329857770794,1.0,0.8886562110482024,1.3490443941294787,Round
1.3375413994905596,1.0,1.3304675809128252,1.7023208345039627,Round
1.1354301461312581,1.0,1.1163079135861846,1.5416016551719762,Round
1.1139098478865086,1.0,1.0950865912905614,1.517236057095904,Round
1.185046292810421,1.0,1.16065115682785,1.6385476735386248,Round
1.287697156371231,1.0,1.2638510988376677,1.754486679991415,Round
1.2459674601578956,1.0,1.22903195121828,1.6590978031396966,Round
1.1986342827747138,1.0,1.1745378414631302,1.619404708345382,Round
1.154245843352677,1.0,1.1386098613383315,1.5141749498604893,Round
1.3604022123704627,1.0,1.3394576583498818,1.684957446474649,Round
1.0326215370958227,1.0,1.0168126513503568,1.3960587516283982,Round
1.3054405762263814,1.0,1.281544046345718,1.7685896483589192,Round
1.1234664183728547,1.0,1.1038252255917698,1.5081336223301856,Round
1.1316520794418499,1.0,1.1070695587530053,1.5094123552488883,Round
1.1903852301502298,1.0,1.1776061403435814,1.660036346131277,Round
1.0202553103888037,1.0,1.0099905111699774,1.4700992691573265,Round
1.0513911564227274,1.0,1.0415362179441316,1.4940055074456668,Round
1.1638288426575008,1.0,1.1439400635843369,1.6445419702053043,Round
1.131818144833093,1.0,1.116184498010725,1.5478421673910905,Round
0.994280089267974,1.0,0.9785369851196887,1.393150510927344,Round
0.866877355191094,1.0,0.855885420886854,1.2570397788206427,Round
1.0500073185719991,1.0,1.037792675197152,1.5449001875721808,Round
1.1326517641135603,1.0,1.107135593752715,1.511643833524083,Round
1.2012828247563465,1.0,1.1874935058299676,1.5733910672461355,Round
1.1783153330108687,1.0,1.160977299229376,1.6411828963577966,Round
1.0211397769465467,1.0,1.0090396785837956,1.4609334760659942,Round
1.0894672652605228,1.0,1.0695599796060546,1.5409523294095941,Round
0.8554369851112108,1.0,0.8398439938716046,1.313833725510162,Round
1.1608929417385276,1.0,1.1499169003643277,1.6403804479612094,Round
1.062371829885686,1.0,1.0410218033554572,1.4515128236631247,Round
0.9093689731020423,1.0,0.8846202728377325,1.3826889465693455,Round
1.1283366338355016,1.0,1.1054497712518263,1.548294298504228,Round
1.1838155205841538,1.0,1.1743515089498486,1.6812495017940998,Round
1.0121592448709977,1.0,0.9994047309769135,1.4846953635216233,Round
1.0972570099318608,1.0,1.0796221539988644,1.5284423006165895,Round
1.0966806880812936,1.0,1.0731268020330296,1.5482835412147482,Round
1.170749065271191,1.0,1.1596954251177285,1.623518484258787,Round
1.1497475666859656,1.0,1.124914578694557,1.5970339932361328,Round
1.187221706558224,1.0,1.1629499089113127,1.5972822197380379,Round
1.0375621545033238,1.0,1.0193642778126655,1.4974057303346184,Round
1.0546233187177132,1.0,1.0318154289704913,1.4567054292348824,Round
1.1076151897356692,1.0,1.0921845742941971,1.5105582308718597,Round
1.0175331175407243,1.0,1.0125533250978447,1.5296914023511803,Round
1.113665363937615,1.0,1.094302348612326,1.5370988593034405,Round
1.17222180930059,1.0,1.1492046965785383,1.6041497160780278,Round
0.705437059865853,1.0,0.6977709986545709,1.1167438950699584,Round
1.2737329074292865,1.0,1.2569109046818656,1.6811525895956312,Round
1.11995783026662,1.0,1.1041648126672068,1.5249237334208674,Round
0.9407336086123221,1.0,0.9248427838409009,1.3950408767819003,Round
1.0217952187687624,1.0,1.0022503986925655,1.396817494634081,Round
1.0035744063606193,1.0,0.9908305303052456,1.4805011460638604,Round
1.0343693897888477,1.0,1.0171162355233827,1.4730344770543933,Round
0.7174655028072973,1.0,0.7023290017772761,1.0823950564192435,Round
1.0474980907487923,1.0,1.0293551091995796,1.5354366780616258,Round
1.1448961515852205,1.0,1.1242403630338111,1.6625559890881363,Round
1.02617310175708,1.0,1.0173281381258232,1.5210977715071468,Round
1.0683087086924565,1.0,1.0546783447390633,1.5491692314009367,Round
1.1034826233829094,1.0,1.0956016440770986,1.577336198921802,Round
1.11660370130405,1.0,1.0973008668490405,1.5941146178492696,Round
1.3076826934362913,1.0,1.2875376136676042,1.7238543331741072,Round
1.0716992512614505,1.0,1.0642700299977474,1.4762910056174179,Round
1.0650033416637585,1.0,1.0477947005976407,1.4947936255568774,Round
1.044844874650621,1.0,1.0261397722852064,1.4748423938809174,Round
1.1523169337017145,1.0,1.137112703793058,1.5860327319098346,Round
1.0265417474774472,1.0,1.0118660203935848,1.4312514484804324,Round
1.3666514564488406,1.0,1.3429389989190461,1.7209004113028912,Round
0.6621862751923762,1.0,0.6555442699162719,1.0832850015851845,Round
1.1980982716447268,1.0,1.1798207051521368,1.6094345405411454,Round
1.299486038437451,1.0,1.2834461703880131,1.5840683852792563,Round
1.1347599546444682,1.0,1.1044125243578442,1.533659949306207,Round
0.9646021106969269,1.0,0.9485007474638275,1.4837341074251662,Round
1.1568785119921483,1.0,1.126738294537472,1.5284523282292233,Round
0.9521853372599115,1.0,0.9346939588365946,1.4266398159920533,Round
1.21382656056666,1.0,1.1919842769139004,1.672530014369788,Round
1.386747475129358,1.0,1.367321430182302,1.7552405210599509,Round
1.1103695793327861,1.0,1.0902771095623438,1.5496442071509386,Round
1.2303711904837407,1.0,1.2013945236640602,1.5487623956898755,Round
1.0682731215988748,1.0,1.0530664046904874,1.522728461241587,Round
1.0738210957492562,1.0,1.0460159811677334,1.4647149110413613,Round
1.3532617739492852,1.0,1.3308993251417873,1.739454413389473,Round
1.1472691429552808,1.0,1.1277241191885647,1.5055066724237052,Round
1.2148552135560216,1.0,1.1740575080633766,1.596386866848717,Round
1.070641064787676,1.0,1.0550336511258425,1.477447516790802,Round
1.182399404433459,1.0,1.1532166621382187,1.526453489541565,Round
0.8786408739998351,1.0,0.8597506299652629,1.2861946416141647,Round
1.2400992866345764,1.0,1.2130956078326407,1.7005744246782057,Round
0.8748996030254501,1.0,0.8615168161315543,1.3456352449063718,Round
1.0674752246896173,1.0,1.045960505609623,1.5094806781650005,Round
1.179312424599481,1.0,1.161812093463079,1.5919571999153248,Round
1.186208671533334,1.0,1.163910549969807,1.6093242048099372,Round
1.0958744966145955,1.0,1.0820729391763313,1.5450549948121988,Round
1.4453975114352218,1.0,1.419312962484092,1.790853352549333,Round
1.1120903305979153,1.0,1.0853331903083692,1.543186219859076,Round
1.058226216943415,1.0,1.0476090682310653,1.491340156395171,Round
1.1255102184412482,1.0,1.1106389635147438,1.5517865926734493,Round
0.8285560015247949,1.0,0.8131786626647042,1.2523586526909054,Round
0.729439019779046,1.0,0.7206594518360283,1.1205693918813384,Round
1.1039738356450381,1.0,1.0884911125658172,1.569779078367142,Round
1.178620845467255,1.0,1.1624587412720389,1.6459057679162168,Round
1.0935690434980134,1.0,1.0589635601248408,1.4691578320151375,Round
1.1233875064507395,1.0,1.1010748041365288,1.6239255664769725,Round
1.2664877868569395,1.0,1.2417284417566992,1.6817578097541144,Round
1.0123015227468293,1.0,0.9996141217046303,1.507282899323219,Round
1.0744331698810805,1.0,1.0581160382670187,1.5172874448136848,Round
1.055107381296302,1.0,1.042165088308721,1.4813964509595252,Round
1.0238591179649634,1.0,1.0065527358079083,1.4596034246347123,Round
1.232376047203034,1.0,1.214432776669405,1.6568868938385102,Round
1.3881745095311246,1.0,1.3636838053851243,1.7212259647559645,Round
0.9733993456428495,1.0,0.9589105812119209,1.4447019960503902,Round
1.0936110819412495,1.0,1.0765171936023972,1.5498777805303572,Round
1.1971651136019361,1.0,1.182068283554727,1.651243709567062,Round
1.189989497964168,1.0,1.1763152404738746,1.6511103581379543,Round
0.8477429381105097,1.0,0.8389731393457662,1.3205414319585327,Round
1.0283666108459504,1.0,1.0139064458994618,1.4775786122284023,Round
0.844518152923522,1.0,0.8274217419314907,1.2736648522879896,Round
1.0284718202198555,1.0,1.012363582247326,1.5552765317404116,Round
1.0966695487332754,1.0,1.088899560959197,1.5393728924347425,Round
1.0923501356741183,1.0,1.0784488405847852,1.6096969109161934,Round
1.0124657579209606,1.0,0.9982293387852287,1.4759425543403262,Round
1.01494130839328,1.0,1.0053095169968753,1.4796132311448726,Round
1.213050218380625,1.0,1.1992738676092134,1.7064560486734688,Round
1.0436079672573293,1.0,1.017852157396747,1.4537026964680388,Round
1.096909440418212,1.0,1.0767794200369911,1.5328562231092775,Round
1.2545415813186567,1.0,1.2338121326945821,1.665454003871261,Round
1.2253513906135922,1.0,1.2026605739069887,1.614242298655928,Round
1.1238746269149953,1.0,1.097577865401796,1.5825781235364975,Round
1.1952702762735121,1.0,1.1871845873911302,1.7179905045099286,Round
1.2171801896874437,1.0,1.199171823467083,1.6384157423875985,Round
1.1632000065479755,1.0,1.138618175881375,1.6384398315918098,Round
1.0607358872440373,1.0,1.0471694467322301,1.4931862982319546,Round
1.1185829176073492,1.0,1.1005339696848373,1.5480963914248116,Round
1.1156662568264581,1.0,1.1037502963905037,1.6371329708542022,Round
1.1952089512127315,1.0,1.1702946049223895,1.6161719258318925,Round
1.3321357751796314,1.0,1.3093276192246526,1.7270891508270376,Round
1.1979077686115547,1.0,1.1792819728320107,1.5770918124892306,Round
1.3667711722805012,1.0,1.3427382391403146,1.7368475662409835,Round
1.3509402355821276,1.0,1.3225163921467393,1.6883288342538696,Round
1.1524366528459467,1.0,1.1516814998011289,1.5706864084467635,Round
1.227767250630842,1.0,1.2074682050737437,1.704862806214666,Round
1.2018567456408318,1.0,1.181666343501792,1.6388163869087766,Round
1.0450828821721732,1.0,1.0243817326203661,1.5193324809660729,Round
1.267508113560859,1.0,1.244304242895382,1.6265557001808826,Round
1.0494786879162126,1.0,1.0389955956933479,1.5194234174121415,Round
1.098868053612998,1.0,1.089844641985146,1.5103322244691355,Round
0.9539940568399407,1.0,0.9422874447182805,1.439060875900646,Round
0.9587103105667475,1.0,0.9456392237352181,1.4264015318983325,Round
1.2863137380175171,1.0,1.2651891673264015,1.6840350156360915,Round
1.1621328409172318,1.0,1.1423933538140605,1.6236703745231271,Round
1.0707321265713876,1.0,1.0565581988983173,1.4533890290453384,Round
0.8818290926431817,1.0,0.8692076881682043,1.275723025340395,Round
0.8585227415943489,1.0,0.8459780889954853,1.2768483044845413,Round
1.1028605839711487,1.0,1.076353859450091,1.5050951817236962,Round
1.1090195192404362,1.0,1.089146911168277,1.6059283786799634,Round
1.1781689837513645,1.0,1.1582995358592012,1.5472415790030982,Round
1.0873674471496537,1.0,1.077728593971383,1.505163446202716,Round
1.2440990931954103,1.0,1.231227537545069,1.7123408487189713,Square
1.1965119283671457,1.0,1.1835164224725798,1.7059766245459251,Square
0.8492958492514172,1.0,0.8321244359782507,1.2677383964891664,Square
1.2129548971935338,1.0,1.20613338539479,1.6791005697170251,Square
1.0776238005121923,1.0,1.064552517920879,1.5119101927509344,Square
1.2347328707554257,1.0,1.2058640420708535,1.5931858231138636,Square
1.2207985597732243,1.0,1.194782173330913,1.6937454928250772,Square
1.2032299182084059,1.0,1.1931404248484803,1.624884086252758,Square
1.1529649034412275,1.0,1.1348442110267347,1.5904427774308678,Square
1.2158059153201157,1.0,1.2062568930083266,1.6621588118084838,Square
1.0969106928929768,1.0,1.0802374865188122,1.5400445969952152,Square
0.6907889081829954,1.0,0.6808000128201902,1.048664546231549,Square
1.2697288901498973,1.0,1.2608066105977385,1.7350821576655102,Square
1.1679870169766036,1.0,1.1477580226152002,1.588880081178002,Square
1.1270067365960013,1.0,1.110837658319911,1.5237259798617628,Square
1.0962363760326996,1.0,1.0765726067782404,1.5083684566922995,Square
1.208897006253855,1.0,1.1919592127510046,1.6356980558711742,Square
1.1416229712819457,1.0,1.1292202362972557,1.6231889526387056,Square
1.1869794143763532,1.0,1.1684352631437196,1.627078852589458,Square
1.2282928513108977,1.0,1.2008833664706775,1.672064013133481,Square
1.132658750413019,1.0,1.1087505699674802,1.5444369424833306,Square
0.9388966948738935,1.0,0.9381277050590425,1.409760630691912,Square
1.0241978865449586,1.0,1.0119520287689059,1.48713871577753,Square
1.1482120319332612,1.0,1.1324792398733377,1.6029498068003951,Square
1.1235734476904407,1.0,1.1064507215399775,1.5801988542891732,Square
1.0900023281955178,1.0,1.0726611722683848,1.549656111828758,Square
1.1211570771294275,1.0,1.0976019213393957,1.523025051201808,Square
1.1351116396102463,1.0,1.1228538518254416,1.601244422056574,Square
1.0256157612121555,1.0,1.0140930469982496,1.4593612659652107,Square
1.1870835653747092,1.0,1.1591513096216615,1.6081084124498768,Square
0.8988715306877606,1.0,0.8754538830090642,1.3501198236330718,Square
1.3112775800312872,1.0,1.2878823285200225,1.7471544407492234,Square
1.3207741078644437,1.0,1.2979353460543377,1.742198337518419,Square
0.8603607107394067,1.0,0.8444956389024935,1.202629559147001,Square
1.173697143156693,1.0,1.1631670150919269,1.608003740962843,Square
0.9554456380184766,1.0,0.9407581515149179,1.4009339191477794,Square
1.1110650834338256,1.0,1.0942536127084233,1.5406307152734793,Square
0.805091140999729,1.0,0.7869983308673134,1.2658992328265208,Square
0.9442120225462803,1.0,0.9290088338653394,1.3917630542086605,Square
1.323831943733851,1.0,1.2888264796010338,1.685047647473972,Square
0.878401110185982,1.0,0.8662310887224022,1.3425182347829885,Square
1.191332522959255,1.0,1.1724204674651968,1.5894665859277222,Square
1.093036453328558,1.0,1.0691565674694115,1.5137936526670512,Square
1.151903899316859,1.0,1.1392889801276695,1.5954391469128877,Square
1.2874875995687014,1.0,1.2580892956690628,1.6923971706926741,Square
1.1196795510212256,1.0,1.1084421645196845,1.5837422573874456,Square
1.1296745597239455,1.0,1.122960229878379,1.5639377219210855,Square
1.0514606658154213,1.0,1.0387566284935168,1.4921842282196187,Square
0.9854779794279085,1.0,0.9713616485598879,1.4033401336561622,Square
1.0308742268317406,1.0,1.0257685955236493,1.4543969623585333,Square
1.1211947461481937,1.0,1.1088072166494272,1.5251348997927028,Square
0.7211817288444673,1.0,0.7114588995558379,1.099607171722087,Square
1.2510433533444216,1.0,1.2268578748835548,1.632036262768014,Square
0.8753269758827555,1.0,0.8598074115531975,1.2935675073882673,Square
1.2011898197252056,1.0,1.187102329410668,1.6644141165286093,Square
1.2116496130360974,1.0,1.1932094889753446,1.6413119108928242,Square
0.9011236636373451,1.0,0.8848085767148971,1.296912322988645,Square
0.8987202007113172,1.0,0.8885923201138365,1.3616910898193766,Square
1.1578703351558137,1.0,1.141608871553439,1.583181288645291,Square
0.8917986022253122,1.0,0.8782496864517467,1.3553408174464223,Square
1.3114198108527981,1.0,1.3081170839435998,1.8295562347004304,Square
1.2266450106247357,1.0,1.2092699768402175,1.7031256086265762,Square
1.2214726503418871,1.0,1.2060318889515744,1.6922936164040179,Square
1.2370457886202295,1.0,1.215674121402734,1.7296943921951984,Square
1.2098843944827122,1.0,1.2020416977972113,1.6843528247085282,Square
1.2203523271401584,1.0,1.2050188503746044,1.6504618494714702,Square
1.1591374124678349,1.0,1.1498387737760625,1.6586478313252744,Square
1.1914435413911213,1.0,1.1709981125499993,1.6449414869594245,Square
1.020873426499111,1.0,1.0142462615770984,1.4592712819197478,Square
1.180700441980737,1.0,1.1572870767241001,1.618478519649389,Square
1.2043423059858507,1.0,1.1804412091568357,1.6346846205674328,Square
1.21485389457808,1.0,1.1901069170396115,1.6729965814149093,Square
0.8566166473695981,1.0,0.8441987180011509,1.3165132944401026,Square
1.3142570876407513,1.0,1.302476991355057,1.7617875858394567,Square
1.0796292606799345,1.0,1.0645115204845812,1.4983158866541122,Square
0.631391117146138,1.0,0.6275740312976215,1.0008984643849694,Square
0.8578924914376579,1.0,0.8464205899583774,1.2786437823967707,Square
0.8745615949406462,1.0,0.8639532170156901,1.376192769402183,Square
0.9093369998031086,1.0,0.9084895128166927,1.3582996499183921,Square
1.0834042906878578,1.0,1.076982555996889,1.5249332649665905,Square
1.073482182970915,1.0,1.0617119358514795,1.5370210469085204,Square
1.2571612800163128,1.0,1.2295247454534521,1.6510803616029357,Square
0.9879048454215694,1.0,0.9722718969068261,1.468331328800426,Square
1.1590749511862994,1.0,1.1481207002048477,1.5615810178938672,Square
1.2392927751769447,1.0,1.2272462942071183,1.708625703233353,Square
1.2215695105700062,1.0,1.1864039583853336,1.5458339336838842,Square
0.8712974109519824,1.0,0.864376656109013,1.321444004552144,Square
0.892330521874126,1.0,0.8764607047274595,1.3318598816051412,Square
1.14218978581702,1.0,1.1410419489825696,1.6112566438070732,Square
1.172346970661097,1.0,1.1565561671525868,1.630550817700843,Square
1.1296677418803287,1.0,1.1162940300136592,1.5635933881932091,Square
0.9333877998481747,1.0,0.9193719169424198,1.389019573308605,Square
0.9849719176152434,1.0,0.9644872089823279,1.3794326334548281,Square
0.899018752972706,1.0,0.8810849761368651,1.3679546312739668,Square
1.1108495110382544,1.0,1.0894860637748824,1.5564676225616039,Square
1.075460098314236,1.0,1.0503522542508,1.5563941654560867,Square
0.524610287235015,1.0,0.5180248347836188,0.8477368719798128,Square
1.0734045052167307,1.0,1.0601908511547968,1.5171634929393099,Square
0.8691351884200474,1.0,0.8556968577655134,1.2891614465417072,Square
0.904975631462422,1.0,0.8903732837884595,1.329220159296837,Square
1.1276720496125254,1.0,1.1136869971734291,1.5271418632286484,Square
0.8624581693233493,1.0,0.8522214751218679,1.2845114212843174,Square
1.081293369134845,1.0,1.07354769967589,1.5531696964504431,Square
0.8705374786929846,1.0,0.8586978753355542,1.341582113046507,Square
1.0980040788542378,1.0,1.0796825311605898,1.5064392379125542,Square
1.1067250379434295,1.0,1.0983083372321785,1.611489184418163,Square
1.056450262597904,1.0,1.037539778202965,1.4949412805991809,Square
1.0442894422872682,1.0,1.029581086050133,1.505905504752674,Square
1.0374713693585025,1.0,1.0221207691493703,1.4953423240959527,Square
0.8699659084298036,1.0,0.8579251650290595,1.3549493250316587,Square
1.1665515822560224,1.0,1.1467396177315263,1.6644284537433987,Square
1.023533652806864,1.0,1.007596728543639,1.5647113663120427,Square
1.1488934244941609,1.0,1.142785090425946,1.6154155737468172,Square
1.1424274290919498,1.0,1.133592230505049,1.662556844878617,Square
1.2512287969227072,1.0,1.2351541504800942,1.69688149316266,Square
0.8416534258727081,1.0,0.8250997159682188,1.2379795472018198,Square
1.1237268134215803,1.0,1.1073978840791163,1.6188017475710619,Square
1.0636948231014527,1.0,1.0512594210557495,1.4985907810438195,Square
1.0145524578667673,1.0,0.9987392086820288,1.4922181500031315,Square
1.2132368293923685,1.0,1.1951060820212362,1.6114830197955146,Square
1.3059229623267459,1.0,1.2853385072575385,1.726700743238207,Square
1.0329814038461052,1.0,1.0375276318788849,1.5196568797704724,Square
0.6740580808135143,1.0,0.6654935387607837,1.0656562850618114,Square
0.9865268802046726,1.0,0.9719802273356121,1.435817077819867,Square
1.080721628113489,1.0,1.0592040570660906,1.5187267907789856,Square
1.126263907066981,1.0,1.1048453742434778,1.5422916221371141,Square
0.9046218816965698,1.0,0.894301365684428,1.306954532318889,Square
1.0489492363481034,1.0,1.0373563708551319,1.4479381563855622,Square
1.3299376059022305,1.0,1.3069783461757114,1.725173541723172,Square
1.1693786164871005,1.0,1.1434871098172408,1.575570345533594,Square
1.4458687286939609,1.0,1.4164411734722655,1.8436126778386768,Square
1.0618303315463486,1.0,1.0575467797802272,1.5137179358492645,Square
0.8230295545289654,1.0,0.8138972461213742,1.2383066825546167,Square
1.234255309769067,1.0,1.2254074335136989,1.6461397218093405,Square
0.9368471466197491,1.0,0.9233140685245743,1.3760661687777298,Square
0.947683521772027,1.0,0.9334384308680314,1.3706313208436214,Square
1.1194545771647841,1.0,1.1079525968568655,1.5674877898033137,Square
1.202214560542176,1.0,1.18215343415324,1.6126877510238007,Square
1.1621848657498708,1.0,1.1440535457329404,1.5586251743002564,Square
0.6650012538737442,1.0,0.6549262430963515,1.0378424140618727,Square
1.0449502797317904,1.0,1.0242348806486585,1.463613932223866,Square
1.0882108303782263,1.0,1.0671142705870622,1.565244262268809,Square
1.0742459468985837,1.0,1.061044593565133,1.5009903782079073,Square
1.1986641405524134,1.0,1.1838006892075845,1.7109710691449223,Square
1.0457647078624572,1.0,1.0252817825998224,1.5032015436348087,Square
1.1685294921278793,1.0,1.143988825328085,1.5195523594614029,Square
1.251806975424551,1.0,1.2297423911968435,1.6031958266730806,Square
0.9654743689130053,1.0,0.9428772036434752,1.4058788086523575,Square
1.0433787470737583,1.0,1.0287117291093446,1.5202725198645213,Square
0.8116035172228451,1.0,0.7977082033297006,1.2578494778950937,Square
0.6263376583739585,1.0,0.6104733867483764,1.0091564353460285,Square
1.032000286289705,1.0,1.0137071485228872,1.5221077227568878,Square
1.2009433706429182,1.0,1.1723538921042305,1.5809105864419,Square
1.067591404988372,1.0,1.0476251861090908,1.4580565435546224,Square
0.9496201203918777,1.0,0.9445031392638948,1.4399184394973685,Square
1.1171299873436187,1.0,1.1051616828797017,1.5265525539100622,Square
1.1888712829329644,1.0,1.1720182490354811,1.5124914589945122,Square
1.152053550958687,1.0,1.134766636003092,1.6280731250823572,Square
1.1178900373523806,1.0,1.0888909160873812,1.4748146006984704,Square
1.0884189290318986,1.0,1.0715525687131713,1.5109485493071966,Square
1.0097771188012539,1.0,0.9848242618348504,1.438180785626848,Square
1.0304205176540422,1.0,1.0185307795387586,1.4204901214527779,Square
1.0650201439506357,1.0,1.0448586516993748,1.4610977462102084,Square
1.0445910132836345,1.0,1.029170251398193,1.4764445819600809,Square
1.1065023897301431,1.0,1.0892016305383334,1.5298659921344349,Square
0.8314282568781023,1.0,0.8133135131145888,1.2552961160703984,Square
1.130785910944108,1.0,1.1195212562394719,1.6446498243953132,Square
0.8022823679173203,1.0,0.7941321699897742,1.2951238022347349,Square
1.0316976812479772,1.0,1.0208550001187178,1.4867164215443534,Square
0.9919926940400724,1.0,0.9756821071226371,1.4072218107720702,Square
0.9793855216436673,1.0,0.9605455952279369,1.4309794819312336,Square
0.9223171062190336,1.0,0.9048555282145797,1.3468037368295533,Square
1.0218834458681643,1.0,1.006237257276102,1.4417043376319083,Square
1.0364091976839505,1.0,1.0159150792678948,1.4448677430225723,Square
0.8943301825246676,1.0,0.8799609986453055,1.3587701656472935,Square
1.0121967558101654,1.0,0.9884380145242416,1.4356048070518563,Square
1.1334645227229085,1.0,1.1146361202099848,1.4856593340485846,Square
1.0679477819982661,1.0,1.0564815108649974,1.5139712454711776,Square
1.066581352019807,1.0,1.0503761938735345,1.5007743642796125,Square
0.7937939289900174,1.0,0.7798810025913366,1.1575265030159725,Square
1.2158535807245034,1.0,1.2078861454149141,1.6921634748644834,Square
1.160840334624392,1.0,1.1409845118849387,1.6265633540555995,Square
1.21145885845632,1.0,1.205210347162206,1.700931149162626,Square
1.346901237168386,1.0,1.3375177098065574,1.7642224098495916,Square
1.2090209201768485,1.0,1.1932119258663871,1.7498842202000433,Square
1.1092245357493087,1.0,1.0868508226084606,1.546173136546024,Square
1.250942277754931,1.0,1.2256122153212041,1.6859969092300298,Square
0.8456740879453012,1.0,0.830023483133021,1.327296872293417,Square
0.972193680751173,1.0,0.9638808284150249,1.4425894747903527,Square
1.1215696263917032,1.0,1.100708555782458,1.5126499907699134,Square
1.0745984463089329,1.0,1.0594627388723712,1.525813734956519,Square
1.2670925874468826,1.0,1.2427936542538598,1.688344603308571,Square
1.2588364411324375,1.0,1.234044210293539,1.6518492772949107,Square
1.1338804991239242,1.0,1.1339259756627587,1.627986769453825,Square
1.0746969184053436,1.0,1.062444270324507,1.5069703922405324,Square
1.1385281874877933,1.0,1.1160001970907405,1.5655212138472017,Square
1.1002735591764865,1.0,1.0895680237824963,1.5687143385762796,Square
1.1157935574895472,1.0,1.0980992992419158,1.5380111623678918,Square
0.8659573322348787,1.0,0.8576058274237068,1.3402502358412893,Square
1.1830438847297957,1.0,1.1688581000440241,1.5801960955672194,Square
